﻿OMOP Table,Table,Field,Response,Mapping,Concept ID
observation,ADDRESS_HIST_DIM.csv,ADDRESS_TYPE,Current,Primary,45879080
observation,ADDRESS_HIST_DIM.csv,ADDRESS_TYPE,Placement,Alternative,37019469
observation,ADDRESS_HIST_DIM.csv,ADDRESS_TYPE,Primary,Primary,45879080
observation,ADDRESS_HIST_DIM.csv,ADDRESS_TYPE,Short Break Placement,Alternative,37019469
observation,CATEGORY_OF_NEED_FACT.csv,﻿CATEGORY_OF_NEED ,N1 - Abuse or neglect,General-Neglect or Abuse Suspected,46237191
observation,CATEGORY_OF_NEED_FACT.csv,﻿CATEGORY_OF_NEED ,N2 - Disability,Disability,4052648
observation,CATEGORY_OF_NEED_FACT.csv,﻿CATEGORY_OF_NEED ,N3 - Parental Illness,Family illness,4142972
observation,CATEGORY_OF_NEED_FACT.csv,﻿CATEGORY_OF_NEED ,N4 - Family in Acute Stress,Family distress,36717118
observation,CATEGORY_OF_NEED_FACT.csv,﻿CATEGORY_OF_NEED ,N5 - Family Disfunction,Family problems,4094126
observation,CATEGORY_OF_NEED_FACT.csv,﻿CATEGORY_OF_NEED ,N6 - Soc unacc behaviour,Antisocial behavior,4246609
observation,CATEGORY_OF_NEED_FACT.csv,﻿CATEGORY_OF_NEED ,N7 - Low income,Low income,4310138
observation,CATEGORY_OF_NEED_FACT.csv,﻿CATEGORY_OF_NEED ,N8 - Absent parenting,Impaired parenting,4247382
observation,CATEGORY_OF_NEED_FACT.csv,﻿CATEGORY_OF_NEED ,N9 - Cases other than children in need,Other Reason,45885208
observation,CATEGORY_OF_NEED_FACT.csv,﻿CATEGORY_OF_NEED ,U8 - Unaccompanied Asylum Seeking Child (UASC),Refugee,36308455
observation,CLA_FACT.csv,﻿CATEGORY_OF_NEED,N1 - Abuse or neglect,General-Neglect or Abuse Suspected,46237191
observation,CLA_FACT.csv,﻿CATEGORY_OF_NEED,N2 - Disability,Disability,4052648
observation,CLA_FACT.csv,﻿CATEGORY_OF_NEED,N3 - Parental Illness,Family illness,4142972
observation,CLA_FACT.csv,﻿CATEGORY_OF_NEED,N4 - Family in Acute Stress,Family distress,36717118
observation,CLA_FACT.csv,﻿CATEGORY_OF_NEED,N5 - Family Disfunction,Family problems,4094126
observation,CLA_FACT.csv,﻿CATEGORY_OF_NEED,N6 - Soc unacc behaviour,Antisocial behavior,4246609
observation,CLA_FACT.csv,﻿CATEGORY_OF_NEED,N7 - Low income,Low income,4310138
observation,CLA_FACT.csv,﻿CATEGORY_OF_NEED,N8 - Absent parenting,Impaired parenting,4247382
observation,CLA_FACT.csv,﻿CATEGORY_OF_NEED,N9 - Cases other than children in need,Other Reason,45885208
observation,CLA_FACT.csv,﻿CATEGORY_OF_NEED,U8 - Unaccompanied Asylum Seeking Child (UASC),Refugee,36308455
observation,CLA_FACT.csv,CLA_CEASED_REASON,E11 - Adopted - application unopposed,Adopted,4050948
observation,CLA_FACT.csv,CLA_CEASED_REASON,"E12 - Adopted, consent dispensed with",Adopted,4050948
observation,CLA_FACT.csv,CLA_CEASED_REASON,"E13 - Left care to live with parents, relatives, or other person with no parental responsibility",Lives with parents,4072594
observation,CLA_FACT.csv,CLA_CEASED_REASON,E2 - Died,Died,45880009
observation,CLA_FACT.csv,CLA_CEASED_REASON,E4 - Returned home to live with parents (no order),Lives with parents,4072594
observation,CLA_FACT.csv,CLA_CEASED_REASON,E41 - Returned home - Child Arrangement order,Returned home,4052611
observation,CLA_FACT.csv,CLA_CEASED_REASON,E43 - Special guardianship order made to former foster carers,Child in foster care,4052186
observation,CLA_FACT.csv,CLA_CEASED_REASON,E44 - Special guardianship order made to carers other than former foster carers,Living with caregiver,4074459
observation,CLA_FACT.csv,CLA_CEASED_REASON,E4A - Planned return home to live with parents (no order),Lives with parents,4072594
observation,CLA_FACT.csv,CLA_CEASED_REASON,E4B - Unplanned return home to live with parents (no order),Lives with parents,4072594
observation,CLA_FACT.csv,CLA_CEASED_REASON,E8 - CLA ceased for any other reason,Other Reason,45885208
observation,CLA_FACT.csv,CLA_CEASED_REASON,X1 - New Episode,New episode,4123199
observation,CLA_FACT.csv,LEGAL_STATUS,CLA - C1 - Interim Care Order,Subject to interim care order under Children Act 1989,44791610
observation,CLA_FACT.csv,LEGAL_STATUS,CLA - C2 - Full Care Order,Subject to care order under Children Act 1989,44791609
observation,CLA_FACT.csv,LEGAL_STATUS,CLA - E1 - Placement order granted,Child given for adoption,4022052
observation,CLA_FACT.csv,LEGAL_STATUS,"CLA - L1 - Under police protection, in local authority accommodation",Child in police protection,4332295
observation,CLA_FACT.csv,LEGAL_STATUS,CLA - V2 - Single period of accommodation under Section 20,Provision of accommodation under section 20 of Children Act 1989,44810618
observation,CLA_FACT.csv,LEGAL_STATUS,CLA - V4 - Accommodated with breaks (no care episodes recorded),Provision of accommodation under section 20 of Children Act 1989 with [qualifier] Respite care service,44810618
observation,CONTACT_FACT.csv,CONTACT_SOURCE,1A - Individual - Family member/relative/carer,Liaising with family,46273928
observation,CONTACT_FACT.csv,CONTACT_SOURCE,2A - Schools,Liaising with education service,46271604
observation,CONTACT_FACT.csv,CONTACT_SOURCE,2B - Education Services,Liaising with education service,46271604
observation,CONTACT_FACT.csv,CONTACT_SOURCE,3A - Health services - GP,Liaising with physician,46271601
observation,CONTACT_FACT.csv,CONTACT_SOURCE,3D - Health services - Other primary health services,Liaising with healthcare provider,607649
observation,CONTACT_FACT.csv,CONTACT_SOURCE,3E - Health services - A&E (Emergency Department),Liaising with [modifier] Emergency services,4073054
observation,CONTACT_FACT.csv,CONTACT_SOURCE,3F - Health services - Other (e.g. hospice),Liaising with healthcare provider,607649
observation,CONTACT_FACT.csv,CONTACT_SOURCE,5A - LA services - Social care e.g. adults social care,Liaising with social worker,46271599
observation,CONTACT_FACT.csv,CONTACT_SOURCE,5B - LA services - Other internal (department other than social care in LA e.g. youth offending (excluding housing)),Liaising with agency,4208655
observation,CONTACT_FACT.csv,CONTACT_SOURCE,5C - LA services - External e.g. from another LAs adult social care,Liaising with agency,4208655
observation,CONTACT_FACT.csv,CONTACT_SOURCE,6 - Police,Liaising with police regarding subject,4176592
observation,CONTACT_FACT.csv,CONTACT_SOURCE,"7 - Other legal agency - including courts, probation, immigration, CAFCASS, prison",Liaising with legal service,46271610
observation,CONTACT_FACT.csv,CONTACT_SOURCE,"8 - Other - Including children's centres, independent agency providers, voluntary organisations",Liaising with agency,4208655
observation,CONTACT_FACT.csv,CONTACT_SOURCE,9 - Anonymous,Liaising with,4073054
observation,DISBAILITY_FACT.csv,DISABILITY_DESCRIPTION,Behaviour,Behavioral disability,4094021
observation,DISBAILITY_FACT.csv,DISABILITY_DESCRIPTION,Communication,Communication disorder,4150614
observation,DISBAILITY_FACT.csv,DISABILITY_DESCRIPTION,Diagnosed with Autism or Asperger's syndrome,"Autism, Asperger's or autistic spectrum disorder",35816162
observation,DISBAILITY_FACT.csv,DISABILITY_DESCRIPTION,Disabled under DDA but not in the other categories,Other category,4190569
observation,DISBAILITY_FACT.csv,DISABILITY_DESCRIPTION,Eating & Drinking,Feeding disability,4027470
observation,DISBAILITY_FACT.csv,DISABILITY_DESCRIPTION,Hand function,Hand function disability,4027472
observation,DISBAILITY_FACT.csv,DISABILITY_DESCRIPTION,Hearing,Hearing disability,44790126
observation,DISBAILITY_FACT.csv,DISABILITY_DESCRIPTION,Incontinence,Incontinence,444035
observation,DISBAILITY_FACT.csv,DISABILITY_DESCRIPTION,Learning,Learning disability - specialty,4235390
observation,DISBAILITY_FACT.csv,DISABILITY_DESCRIPTION,Mobility,Physical disability,44789133
observation,DISBAILITY_FACT.csv,DISABILITY_DESCRIPTION,Other Disability/Health Problem,Other category,4190569
observation,DISBAILITY_FACT.csv,DISABILITY_DESCRIPTION,Personal care,Personal care disability,4027468
observation,DISBAILITY_FACT.csv,DISABILITY_DESCRIPTION,Vision,Visual disability,44789132
observation,DISBAILITY_FACT.csv,HEALTH_CONDITION,ADD/ADHD,Attention deficit disorder/Attention deficit hyperactivity disorder (ADD/ADHD),36310768
observation,DISBAILITY_FACT.csv,HEALTH_CONDITION,Aspergers,Asperger's disorder,4053178
observation,DISBAILITY_FACT.csv,HEALTH_CONDITION,Asthma,Asthma,45877009
observation,DISBAILITY_FACT.csv,HEALTH_CONDITION,Autism,Autism,36210232
observation,DISBAILITY_FACT.csv,HEALTH_CONDITION,Birth Defect,Birth defects,706290
observation,DISBAILITY_FACT.csv,HEALTH_CONDITION,c.h.a.r.g.e. Syndrome,CHARGE syndrome,4165529
observation,DISBAILITY_FACT.csv,HEALTH_CONDITION,Cerebral Palsy,Cerebral palsy,36308867
observation,DISBAILITY_FACT.csv,HEALTH_CONDITION,Depression,Depression,45878997
observation,DISBAILITY_FACT.csv,HEALTH_CONDITION,Developmental Delay,Developmental delay,436077
observation,DISBAILITY_FACT.csv,HEALTH_CONDITION,Diabetes,Diabetes,45879799
observation,DISBAILITY_FACT.csv,HEALTH_CONDITION,Downs Syndrome,Down syndrome,45880552
observation,DISBAILITY_FACT.csv,HEALTH_CONDITION,Dyslexia,Dyslexia,442335
observation,DISBAILITY_FACT.csv,HEALTH_CONDITION,Dyspraxia,Dyspraxia,4290260
observation,DISBAILITY_FACT.csv,HEALTH_CONDITION,Epilepsy,Epilepsy,380378
observation,DISBAILITY_FACT.csv,HEALTH_CONDITION,Foetal Alcohol Syndrome,Fetal alcohol syndrome,4004785
observation,DISBAILITY_FACT.csv,HEALTH_CONDITION,Global Delay,Global developmental delay,4075828
observation,DISBAILITY_FACT.csv,HEALTH_CONDITION,Glue Ear,Chronic mucoid otitis media,381592
observation,DISBAILITY_FACT.csv,HEALTH_CONDITION,Obsessive Compulsive Disorder,Obsessive Compulsive Disorder,440374
observation,DISBAILITY_FACT.csv,HEALTH_CONDITION,Spina Bifidia,Spina bifida,4283381
observation,DISBAILITY_FACT.csv,HEALTH_CONDITION,Tourette's Syndrome,Tourette's syndrome,36308642
observation,DISBAILITY_FACT.csv,HEALTH_CONDITION,XYY Syndrome,Double Y syndrome,4176135
observation,EARLY_HELP_CONTACT_FACT.csv,CONTACT_SOURCE,10 - Unknown,Unknown Source,45884262
observation,EARLY_HELP_CONTACT_FACT.csv,CONTACT_SOURCE,1A - Individual - Family member/relative/carer,Liaising with family,46273928
observation,EARLY_HELP_CONTACT_FACT.csv,CONTACT_SOURCE,1C - individual - Self,Liaising with patient,46273219
observation,EARLY_HELP_CONTACT_FACT.csv,CONTACT_SOURCE,2A - Schools,Liaising with education service,46271604
observation,EARLY_HELP_CONTACT_FACT.csv,CONTACT_SOURCE,2B - Education Services,Liaising with education service,46271604
observation,EARLY_HELP_CONTACT_FACT.csv,CONTACT_SOURCE,2C - Early Years,Liaising with education service,46271604
observation,EARLY_HELP_CONTACT_FACT.csv,CONTACT_SOURCE,2D - Children's Centres,Liaising with education service,46271604
observation,EARLY_HELP_CONTACT_FACT.csv,CONTACT_SOURCE,2E - Primary School,Liaising with education service,46271604
observation,EARLY_HELP_CONTACT_FACT.csv,CONTACT_SOURCE,2F - Secondary School,Liaising with education service,46271604
observation,EARLY_HELP_CONTACT_FACT.csv,CONTACT_SOURCE,3A - Health services - GP,Liaising with physician,46271601
observation,EARLY_HELP_CONTACT_FACT.csv,CONTACT_SOURCE,3B - Health services - Health Visitor,Liaising with healthcare provider,607649
observation,EARLY_HELP_CONTACT_FACT.csv,CONTACT_SOURCE,3C - Health services - School Nurse,Liaison with school nurse,44808278
observation,EARLY_HELP_CONTACT_FACT.csv,CONTACT_SOURCE,3D - Health services - Other primary health services,Liaising with healthcare provider,607649
observation,EARLY_HELP_CONTACT_FACT.csv,CONTACT_SOURCE,3E - Health services - A&E (Emergency Department),Liaising with [modifier] Emergency services,4073054
observation,EARLY_HELP_CONTACT_FACT.csv,CONTACT_SOURCE,3F - Health services - Other (e.g. hospice),Liaising with healthcare provider,607649
observation,EARLY_HELP_CONTACT_FACT.csv,CONTACT_SOURCE,3G - Health services - CAMH,Liaising with healthcare provider,607649
observation,EARLY_HELP_CONTACT_FACT.csv,CONTACT_SOURCE,3H - Health services - Comm Paeds,Liaising with healthcare provider,607649
observation,EARLY_HELP_CONTACT_FACT.csv,CONTACT_SOURCE,3J - Health services - Midwife,Liaison with midwife,44806393
observation,EARLY_HELP_CONTACT_FACT.csv,CONTACT_SOURCE,3K - DAAT,Liaising with healthcare provider,607649
observation,EARLY_HELP_CONTACT_FACT.csv,CONTACT_SOURCE,4 - Housing (LA housing or housing association),Liaising with housing service,36713619
observation,EARLY_HELP_CONTACT_FACT.csv,CONTACT_SOURCE,4B - DC - non Housing,Liaising with agency,4208655
observation,EARLY_HELP_CONTACT_FACT.csv,CONTACT_SOURCE,5 - District Cambs City,Liaising with agency,4208655
observation,EARLY_HELP_CONTACT_FACT.csv,CONTACT_SOURCE,5 - District East Cambs,Liaising with agency,4208655
observation,EARLY_HELP_CONTACT_FACT.csv,CONTACT_SOURCE,5 - District Hun/St Ives,Liaising with agency,4208655
observation,EARLY_HELP_CONTACT_FACT.csv,CONTACT_SOURCE,5 - District RST/St Neots,Liaising with agency,4208655
observation,EARLY_HELP_CONTACT_FACT.csv,CONTACT_SOURCE,5 - District South Cambs,Liaising with agency,4208655
observation,EARLY_HELP_CONTACT_FACT.csv,CONTACT_SOURCE,5 - District Wisbech,Liaising with agency,4208655
observation,EARLY_HELP_CONTACT_FACT.csv,CONTACT_SOURCE,5A - LA services - Social care e.g. adults social care,Liaising with social worker,46271599
observation,EARLY_HELP_CONTACT_FACT.csv,CONTACT_SOURCE,5B - Adult Services,Liaising with agency,4208655
observation,EARLY_HELP_CONTACT_FACT.csv,CONTACT_SOURCE,5B - LA services - Other internal (department other than social care in LA e.g. youth offending (excluding housing)),Liaising with agency,4208655
observation,EARLY_HELP_CONTACT_FACT.csv,CONTACT_SOURCE,5C - LA services - External e.g. from another LAs adult social care,Liaising with agency,4208655
observation,EARLY_HELP_CONTACT_FACT.csv,CONTACT_SOURCE,5D - MASH - Green,Liaising with multidisciplinary team,4022252
observation,EARLY_HELP_CONTACT_FACT.csv,CONTACT_SOURCE,6 - Police,Liaising with police regarding subject,4176592
observation,EARLY_HELP_CONTACT_FACT.csv,CONTACT_SOURCE,"7 - Other legal agency - including courts, probation, immigration, CAFCASS, prison",Liaising with legal service,46271610
observation,EARLY_HELP_CONTACT_FACT.csv,CONTACT_SOURCE,"8 - Other - Including children's centres, independent agency providers, voluntary organisations",Liaising with agency,4208655
observation,EARLY_HELP_CONTACT_FACT.csv,CONTACT_SOURCE,9 - Anonymous,Liaising with,4073054
observation,EARLY_HELP_CONTACT_FACT.csv,CONTACT_SOURCE,Health services - Adult Mental Health,Liaising with healthcare provider,607649
observation,EARLY_HELP_CONTACT_FACT.csv,CONTACT_SOURCE,Jobcentre Plus,Liaising with [modifier] Employee assistance program,4073054
observation,LANGUAGE_FACT.csv,LANGUAGE_DESC,English,English,45882691
person,PERSON_DIM.csv,ETHNICITY_DESCRIPTION,African,African,38003600
person,PERSON_DIM.csv,ETHNICITY_DESCRIPTION,Bangladeshi,Bangladeshi,38003575
person,PERSON_DIM.csv,ETHNICITY_DESCRIPTION,Chinese,Chinese,38003579
person,PERSON_DIM.csv,ETHNICITY_DESCRIPTION,Pakistani,Pakistani,38003589
observation,PERSON_DIM.csv,GENDER,Female,FEMALE,8532
observation,PERSON_DIM.csv,GENDER,Indeterminate,Indeterminate sex,46270485
observation,PERSON_DIM.csv,GENDER,Male,MALE,8507
observation,PERSON_DIM.csv,GENDER,Unborn,do not map,-
observation,PERSON_DIM.csv,NATIONALITY_DESCRIPTION,Afghan,Afghanistan,4320153
observation,PERSON_DIM.csv,NATIONALITY_DESCRIPTION,Albanian,Albania,4320165
observation,PERSON_DIM.csv,NATIONALITY_DESCRIPTION,Algerian,Algeria,4072105
observation,PERSON_DIM.csv,NATIONALITY_DESCRIPTION,American,United States of America,4330442
observation,PERSON_DIM.csv,NATIONALITY_DESCRIPTION,Angolan,Angola,4075205
observation,PERSON_DIM.csv,NATIONALITY_DESCRIPTION,Argentinian,Argentina,4073750
observation,PERSON_DIM.csv,NATIONALITY_DESCRIPTION,Australian,Australia,41881315
observation,PERSON_DIM.csv,NATIONALITY_DESCRIPTION,Austrian,Austria,4329596
observation,PERSON_DIM.csv,NATIONALITY_DESCRIPTION,Bangladeshi,Bangladesh,4329584
observation,PERSON_DIM.csv,NATIONALITY_DESCRIPTION,Belgian,Belgium,41890291
observation,PERSON_DIM.csv,NATIONALITY_DESCRIPTION,Brazilian,Brazil,41892130
observation,PERSON_DIM.csv,NATIONALITY_DESCRIPTION,British,United Kingdom,42035286
observation,PERSON_DIM.csv,NATIONALITY_DESCRIPTION,Bulgarian,Bulgaria,4330429
observation,PERSON_DIM.csv,NATIONALITY_DESCRIPTION,Canadian,Canada,41915371
observation,PERSON_DIM.csv,NATIONALITY_DESCRIPTION,Chilean,Chile,4073752
observation,PERSON_DIM.csv,NATIONALITY_DESCRIPTION,Chinese,China,41921547
observation,PERSON_DIM.csv,NATIONALITY_DESCRIPTION,Congolese,Republic of the Congo,4072108
observation,PERSON_DIM.csv,NATIONALITY_DESCRIPTION,Cuban,Cuba,4075639
observation,PERSON_DIM.csv,NATIONALITY_DESCRIPTION,Cypriot,Cyprus,4329599
observation,PERSON_DIM.csv,NATIONALITY_DESCRIPTION,Czech,Czech republic,4320163
observation,PERSON_DIM.csv,NATIONALITY_DESCRIPTION,Danish,Denmark,41930999
observation,PERSON_DIM.csv,NATIONALITY_DESCRIPTION,Dutch,Netherlands,42032171
observation,PERSON_DIM.csv,NATIONALITY_DESCRIPTION,Egyptian,Egypt,4073737
observation,PERSON_DIM.csv,NATIONALITY_DESCRIPTION,English,England,4320168
observation,PERSON_DIM.csv,NATIONALITY_DESCRIPTION,Eritrean,Eritrea,40481806
observation,PERSON_DIM.csv,NATIONALITY_DESCRIPTION,Estonian,Estonia,4320166
observation,PERSON_DIM.csv,NATIONALITY_DESCRIPTION,Ethiopean,Ethiopia,4071835
observation,PERSON_DIM.csv,NATIONALITY_DESCRIPTION,Fijian,Fiji,4320159
observation,PERSON_DIM.csv,NATIONALITY_DESCRIPTION,Finnish,Finland,4320323
observation,PERSON_DIM.csv,NATIONALITY_DESCRIPTION,French,France,41928898
observation,PERSON_DIM.csv,NATIONALITY_DESCRIPTION,Georgian,Georgia,4329171
observation,PERSON_DIM.csv,NATIONALITY_DESCRIPTION,German,Germany,41970930
observation,PERSON_DIM.csv,NATIONALITY_DESCRIPTION,Greek,Greece,4330430
observation,PERSON_DIM.csv,NATIONALITY_DESCRIPTION,Hungarian,Hungary,4320164
observation,PERSON_DIM.csv,NATIONALITY_DESCRIPTION,Icelandic,Iceland,4330436
observation,PERSON_DIM.csv,NATIONALITY_DESCRIPTION,Indian,India,4320154
observation,PERSON_DIM.csv,NATIONALITY_DESCRIPTION,Indonesian,Indonesia,4329582
observation,PERSON_DIM.csv,NATIONALITY_DESCRIPTION,Iranian,Islamic Republic of Iran,4329588
observation,PERSON_DIM.csv,NATIONALITY_DESCRIPTION,Iraqi,Iraq,4320308
observation,PERSON_DIM.csv,NATIONALITY_DESCRIPTION,Irish,Ireland,4330438
observation,PERSON_DIM.csv,NATIONALITY_DESCRIPTION,Israeli,Israel,41995088
observation,PERSON_DIM.csv,NATIONALITY_DESCRIPTION,Italian,Italy,41987173
observation,PERSON_DIM.csv,NATIONALITY_DESCRIPTION,Jamaican,Jamaica,4072762
observation,PERSON_DIM.csv,NATIONALITY_DESCRIPTION,Japanese,Japan,42006858
observation,PERSON_DIM.csv,NATIONALITY_DESCRIPTION,Kenyan,Kenya,4075204
observation,PERSON_DIM.csv,NATIONALITY_DESCRIPTION,Korean,South Korea,42018935
observation,PERSON_DIM.csv,NATIONALITY_DESCRIPTION,Kosovan,Born in Kosovo,4154060
observation,PERSON_DIM.csv,NATIONALITY_DESCRIPTION,Kuwaiti,Kuwait,4329589
observation,PERSON_DIM.csv,NATIONALITY_DESCRIPTION,Latvian,Latvia,4320319
observation,PERSON_DIM.csv,NATIONALITY_DESCRIPTION,Libyan,Libya,4072106
observation,PERSON_DIM.csv,NATIONALITY_DESCRIPTION,Lithuanian,Lithuania,4329600
observation,PERSON_DIM.csv,NATIONALITY_DESCRIPTION,Lithunian,Lithuania,4329600
observation,PERSON_DIM.csv,NATIONALITY_DESCRIPTION,Macedonian,North Macedonia,4208477
observation,PERSON_DIM.csv,NATIONALITY_DESCRIPTION,Malaysian,Malaysia,4330325
observation,PERSON_DIM.csv,NATIONALITY_DESCRIPTION,Mexican,Mexico,4075636
observation,PERSON_DIM.csv,NATIONALITY_DESCRIPTION,Moldovan,Republic of Moldova,4320320
observation,PERSON_DIM.csv,NATIONALITY_DESCRIPTION,Moroccan,Morocco,4071834
observation,PERSON_DIM.csv,NATIONALITY_DESCRIPTION,New Zealander,New Zealand,4329593
observation,PERSON_DIM.csv,NATIONALITY_DESCRIPTION,Nigerian,Nigeria,4073748
observation,PERSON_DIM.csv,NATIONALITY_DESCRIPTION,Norwegian,Norway,4328758
observation,PERSON_DIM.csv,NATIONALITY_DESCRIPTION,Not Supplied,Unknown,45877986
observation,PERSON_DIM.csv,NATIONALITY_DESCRIPTION,Pakistani,Pakistan,4329586
observation,PERSON_DIM.csv,NATIONALITY_DESCRIPTION,Palestinian,Palestine,42075097
observation,PERSON_DIM.csv,NATIONALITY_DESCRIPTION,Philippino,Republic of the Philippines,4320305
observation,PERSON_DIM.csv,NATIONALITY_DESCRIPTION,Polish,Poland,4329597
observation,PERSON_DIM.csv,NATIONALITY_DESCRIPTION,Portuguese,Portugal,4320170
observation,PERSON_DIM.csv,NATIONALITY_DESCRIPTION,Romanian,Romania,4330431
observation,PERSON_DIM.csv,NATIONALITY_DESCRIPTION,Russian,Russian Federation,37162241
observation,PERSON_DIM.csv,NATIONALITY_DESCRIPTION,Saudi Arabian,Saudi Arabia,42014333
observation,PERSON_DIM.csv,NATIONALITY_DESCRIPTION,Scottish,Scotland,4330439
observation,PERSON_DIM.csv,NATIONALITY_DESCRIPTION,Serbian,Republic of Serbia,40480046
observation,PERSON_DIM.csv,NATIONALITY_DESCRIPTION,Slovenian,Slovenia,4320295
observation,PERSON_DIM.csv,NATIONALITY_DESCRIPTION,Somalian,Somalia,4075202
observation,PERSON_DIM.csv,NATIONALITY_DESCRIPTION,South African,South Africa,42014353
observation,PERSON_DIM.csv,NATIONALITY_DESCRIPTION,Spanish,Spain,42020824
observation,PERSON_DIM.csv,NATIONALITY_DESCRIPTION,Sri Lankan,Sri Lanka,4320156
observation,PERSON_DIM.csv,NATIONALITY_DESCRIPTION,Sudanese,Sudan,4075198
observation,PERSON_DIM.csv,NATIONALITY_DESCRIPTION,Swedish,Sweden,42030997
observation,PERSON_DIM.csv,NATIONALITY_DESCRIPTION,Swiss,Switzerland,4330427
observation,PERSON_DIM.csv,NATIONALITY_DESCRIPTION,Syrian,Syrian Arab Republic,4320310
observation,PERSON_DIM.csv,NATIONALITY_DESCRIPTION,Taiwanese,Taiwan,4178927
observation,PERSON_DIM.csv,NATIONALITY_DESCRIPTION,Thai,Thailand,4320152
observation,PERSON_DIM.csv,NATIONALITY_DESCRIPTION,Turkish,Turkiye,4133506
observation,PERSON_DIM.csv,NATIONALITY_DESCRIPTION,Ugandan,Uganda,4071840
observation,PERSON_DIM.csv,NATIONALITY_DESCRIPTION,Ukranian,Ukraine,4320321
observation,PERSON_DIM.csv,NATIONALITY_DESCRIPTION,Uruguayan,Uruguay,4075648
observation,PERSON_DIM.csv,NATIONALITY_DESCRIPTION,Vietnamese,Viet Nam,4330326
observation,PERSON_DIM.csv,NATIONALITY_DESCRIPTION,Vincentian,Saint Vincent and the Grenadines,4075643
observation,PERSON_DIM.csv,NATIONALITY_DESCRIPTION,Yugoslavian,Yugoslavia,4075633
observation,PERSON_DIM.csv,NATIONALITY_DESCRIPTION,Zimbabwean,Zimbabwe,4073744
observation,PERSON_DIM.csv,RELIGION_DESCRIPTION,Agnostic,Agnostic,4052350
observation,PERSON_DIM.csv,RELIGION_DESCRIPTION,Anglican,Anglican,4156961
observation,PERSON_DIM.csv,RELIGION_DESCRIPTION,Atheist,Atheist,4058124
observation,PERSON_DIM.csv,RELIGION_DESCRIPTION,Baptist,"Baptist, follower of religion",4051382
observation,PERSON_DIM.csv,RELIGION_DESCRIPTION,Buddhist,"Buddhist, follower of religion",4203579
observation,PERSON_DIM.csv,RELIGION_DESCRIPTION,Christian,"Christian, follower of religion",4052936
observation,PERSON_DIM.csv,RELIGION_DESCRIPTION,Christian,"Christian, follower of religion",4052936
observation,PERSON_DIM.csv,RELIGION_DESCRIPTION,Church of England,Church of England,4148978
observation,PERSON_DIM.csv,RELIGION_DESCRIPTION,Greek Orthodox,Greek Orthodox,4179372
observation,PERSON_DIM.csv,RELIGION_DESCRIPTION,Hindu,"Hindu, follower of religion",4052018
observation,PERSON_DIM.csv,RELIGION_DESCRIPTION,Je - Jewish,"Jewish, follower of religion",4051379
observation,PERSON_DIM.csv,RELIGION_DESCRIPTION,Jehovah Witness,Jehovah's Witness religion,4172697
observation,PERSON_DIM.csv,RELIGION_DESCRIPTION,Judaism,"Jewish, follower of religion",4051379
observation,PERSON_DIM.csv,RELIGION_DESCRIPTION,Latter Day Saints,Church of Jesus Christ of Latter Day Saints,4028345
observation,PERSON_DIM.csv,RELIGION_DESCRIPTION,Methodist,"Methodist, follower of religion",4052941
observation,PERSON_DIM.csv,RELIGION_DESCRIPTION,Muslim,"Muslim, follower of religion",4147079
observation,PERSON_DIM.csv,RELIGION_DESCRIPTION,No - None,Not religious,4052938
observation,PERSON_DIM.csv,RELIGION_DESCRIPTION,No Religion,Not religious,4052938
observation,PERSON_DIM.csv,RELIGION_DESCRIPTION,Ot - Other,Other category,4190569
observation,PERSON_DIM.csv,RELIGION_DESCRIPTION,Pentecostalist,"Pentecostalist, follower of religion",4052943
observation,PERSON_DIM.csv,RELIGION_DESCRIPTION,Roman Catholic,"Roman Catholic, follower of religion",4058123
observation,PERSON_DIM.csv,RELIGION_DESCRIPTION,Russian Orthodox,"Russian Orthodox, follower of religion",4180466
observation,PERSON_DIM.csv,RELIGION_DESCRIPTION,Sikh,"Sikh, follower of religion",4280566
observation,REFERRAL_FACT.csv,﻿CONTACT_SOURCE,10 - Unknown,Referral by [qualitfier] Unknown,4258129
observation,REFERRAL_FACT.csv,﻿CONTACT_SOURCE,1A - Individual - Family member/relative/carer,Referral by relative,4138519
observation,REFERRAL_FACT.csv,﻿CONTACT_SOURCE,1B - Individual - Acquaintance (including neighbours and child minders),Referral by [qualitfier] Acquaintance,4258129
observation,REFERRAL_FACT.csv,﻿CONTACT_SOURCE,1C - individual - Self,Self-referral,4138517
observation,REFERRAL_FACT.csv,﻿CONTACT_SOURCE,"1D - Individual - Other (including strangers, MPs)",Referral by person,4146787
observation,REFERRAL_FACT.csv,﻿CONTACT_SOURCE,2A - Schools,Referral by school teacher,4138516
observation,REFERRAL_FACT.csv,﻿CONTACT_SOURCE,2B - Education Services,Referral by education service,44812185
observation,REFERRAL_FACT.csv,﻿CONTACT_SOURCE,2C - Early Years,Referral by education service,44812185
observation,REFERRAL_FACT.csv,﻿CONTACT_SOURCE,2D - Children's Centres,Referral by education service,44812185
observation,REFERRAL_FACT.csv,﻿CONTACT_SOURCE,3A - Health services - GP,Referral by GP,4140955
observation,REFERRAL_FACT.csv,﻿CONTACT_SOURCE,3B - Health services - Health Visitor,Referral by health visitor,506639
observation,REFERRAL_FACT.csv,﻿CONTACT_SOURCE,3C - Health services - School Nurse,Referral by school nurse,4140060
observation,REFERRAL_FACT.csv,﻿CONTACT_SOURCE,3D - Health services - Other primary health services,Referral by [qualifier] Primary care service,4140032
observation,REFERRAL_FACT.csv,﻿CONTACT_SOURCE,3E - Health services - A&E (Emergency Department),Referral by accident and emergency,4287781
observation,REFERRAL_FACT.csv,﻿CONTACT_SOURCE,3F - Health services - Other (e.g. hospice),Referral by health worker,4140032
observation,REFERRAL_FACT.csv,﻿CONTACT_SOURCE,3G - Health services - CAMH,Referral by mental health service,44791850
observation,REFERRAL_FACT.csv,﻿CONTACT_SOURCE,4 - Housing (LA housing or housing association),Referral by housing service,44806052
observation,REFERRAL_FACT.csv,﻿CONTACT_SOURCE,5A - LA services - Social care e.g. adults social care,Referral by social services,44787834
observation,REFERRAL_FACT.csv,﻿CONTACT_SOURCE,5B - LA services - Other internal (department other than social care in LA e.g. youth offending (excluding housing)),Referral by [qualitfier] Local authority,4258129
observation,REFERRAL_FACT.csv,﻿CONTACT_SOURCE,5C - LA services - External e.g. from another LAs adult social care,Referral by [qualitfier] Local authority,4258129
observation,REFERRAL_FACT.csv,﻿CONTACT_SOURCE,6 - Police,Referral by police,44812186
observation,REFERRAL_FACT.csv,﻿CONTACT_SOURCE,"7 - Other legal agency - including courts, probation, immigration, CAFCASS, prison",Referral by criminal justice system,44787859
observation,REFERRAL_FACT.csv,﻿CONTACT_SOURCE,"8 - Other - Including children's centres, independent agency providers, voluntary organisations",Referral by private agency,44812252
observation,REFERRAL_FACT.csv,﻿CONTACT_SOURCE,9 - Anonymous,Referral by [qualitfier] Unknown,4258129
