﻿OMOP Table,Table,Field,Response,Mapping,Concept ID
provider table,Care_Plan_Interventions,User_Main_Specialty_Description,Adult,Adult Medicine Physician,38003854
provider table,Care_Plan_Interventions,User_Main_Specialty_Description,Psychiatry of Old Age,Geriatric Psychiatry,38004470
provider table,Care_Plan_Interventions,User_Main_Specialty_Description,Children,Child and Adolescent Psychiatry,45756756
provider table,Care_Plan_Interventions,User_Main_Specialty_Description,Learning Disability,Intellectual & Developmental Disabilities Psychologist,38003648
provider table,Care_Plan_Interventions,User_Main_Specialty_Description,Forensic Psychiatry,Forensic psychiatry,45756775
provider table,Care_Plan_Interventions,User_Main_Specialty_Description,Psychological Medicine,Psychology,38004488
provider table,Care_Plan_Interventions,User_Professional_Group_Description,Nursing (in-patient),Nurse,32581
provider table,Care_Plan_Interventions,User_Professional_Group_Description,Social Worker,Social Worker,38004499
provider table,Care_Plan_Interventions,User_Resp_Clinician_Profession_Description,Social Worker,Social Worker,38004499
provider table,Care_Plan_Interventions,User_Resp_Clinician_Profession_Description,Occupation Therapist,Occupational therapy,38004492
provider table,Care_Plan_Interventions,User_Resp_Clinician_Profession_Description,Registered Medical Practitioner including consultant or GP,Physician,32577
provider table,Care_Plan_Interventions,User_Resp_Clinician_Profession_Description,Mental Health Nurse,Child & Adolescent Psychiatric/Mental Health Registered Nurse,38003751
provider table,Care_Plan_Problems,User_Main_Specialty_Description,Adult,Adult Medicine Physician,38003854
provider table,Care_Plan_Problems,User_Main_Specialty_Description,Clinical Psychology,Clinical psychology,38004493
provider table,Care_Plan_Problems,User_Main_Specialty_Description,Psychiatry of Old Age,Geriatric Psychiatry,38004470
provider table,Care_Plan_Problems,User_Main_Specialty_Description,Children,Child and Adolescent Psychiatry,45756756
provider table,Care_Plan_Problems,User_Main_Specialty_Description,Learning Disability,Intellectual & Developmental Disabilities Psychologist,38003648
provider table,Care_Plan_Problems,User_Main_Specialty_Description,Forensic Psychiatry,Forensic psychiatry,45756775
provider table,Care_Plan_Problems,User_Main_Specialty_Description,Psychological Medicine,Psychology,38004488
provider table,Care_Plan_Problems,User_Main_Specialty_Description,Prison Services,,
provider table,Care_Plan_Problems,User_Professional_Group_Description,Social Worker,Social Worker,38004499
provider table,Care_Plan_Problems,User_Professional_Group_Description,Nursing (in-patient),Nurse,32581
provider table,Care_Plan_Problems,User_Resp_Clinician_Profession_Description,Social Worker,Social Worker,38004499
provider table,Care_Plan_Problems,User_Resp_Clinician_Profession_Description,Occupation Therapist,Occupational therapy,38004492
provider table,Care_Plan_Problems,User_Resp_Clinician_Profession_Description,Registered Medical Practitioner including consultant or GP,Physician,32577
provider table,Care_Plan_Problems,User_Resp_Clinician_Profession_Description,Mental Health Nurse,Child & Adolescent Psychiatric/Mental Health Registered Nurse,38003751
provider table,Diagnosis,Entered_By_Main_Specialty_Description,Adult,Adult Medicine Physician,38003854
provider table,Diagnosis,Entered_By_Main_Specialty_Description,Psychiatry of Old Age,Geriatric Psychiatry,38004470
provider table,Diagnosis,Entered_By_Main_Specialty_Description,Children,Child and Adolescent Psychiatry,45756756
provider table,Diagnosis,Entered_By_Main_Specialty_Description,Learning Disability,Intellectual & Developmental Disabilities Psychologist,38003648
provider table,Diagnosis,Entered_By_Main_Specialty_Description,Forensic Psychiatry,Forensic psychiatry,45756775
provider table,Diagnosis,Entered_By_Main_Specialty_Description,Psychological Medicine,Psychology,38004488
provider table,Diagnosis,Entered_By_Professional_Group_Description,Psychological Therapies,Psychology,38004488
provider table,Diagnosis,Entered_By_Professional_Group_Description,Social Worker,Social Worker,38004499
provider table,Diagnosis,Entered_By_Resp_Clinician_Profession_Description,Registered Medical Practitioner including consultant or GP,Physician,32577
provider table,Diagnosis,Entered_By_Resp_Clinician_Profession_Description,Social Worker,Social Worker,38004499
provider table,Diagnosis,Entered_By_Resp_Clinician_Profession_Description,Occupation Therapist,Occupational therapy,38004492
provider table,Diagnosis,Removal_By_Main_Specialty_Description,Adult,Adult Medicine Physician,38003854
provider table,Diagnosis,Removal_By_Main_Specialty_Description,Psychiatry of Old Age,Geriatric Psychiatry,38004470
provider table,Diagnosis,Removal_By_Main_Specialty_Description,Children,Child and Adolescent Psychiatry,45756756
provider table,Diagnosis,Removal_By_Main_Specialty_Description,Learning Disability,Intellectual & Developmental Disabilities Psychologist,38003648
provider table,Diagnosis,Removal_By_Main_Specialty_Description,Psychological Medicine,Psychology,38004488
provider table,Diagnosis,Removal_By_Main_Specialty_Description,Forensic Psychiatry,Forensic psychiatry,45756775
provider table,Diagnosis,Removal_By_Resp_Clinician_Profession_Description,Registered Medical Practitioner including consultant or GP,Physician,32577
provider table,Referral,Discharge_HCP_Main_Specialty_Description,Adult,Adult Medicine Physician,38003854
provider table,Referral,Discharge_HCP_Main_Specialty_Description,CASUS,Addiction Medicine,38004498
provider table,Referral,Discharge_HCP_Main_Specialty_Description,Children,Child and Adolescent Psychiatry,45756756
provider table,Referral,Discharge_HCP_Main_Specialty_Description,Clinical Psychology,Clinical psychology,38004493
provider table,Referral,Discharge_HCP_Main_Specialty_Description,Criminal Justice Liaison and Diversion Service,,
provider table,Referral,Discharge_HCP_Main_Specialty_Description,Forensic Psychiatry,Forensic Psychiatry,45756775
provider table,Referral,Discharge_HCP_Main_Specialty_Description,Learning Disability,Intellectual & Developmental Disabilities Psychologist,38003648
provider table,Referral,Discharge_HCP_Main_Specialty_Description,Prison Services,,
provider table,Referral,Discharge_HCP_Main_Specialty_Description,Psychological Medicine,Psychology,38004488
provider table,Referral,Discharge_HCP_Primary_Team_Description,CAMHS South Choice,store as location,
provider table,Referral,Discharge_HCP_Primary_Team_Description,Gateway Camb South (CLOSED 06/08/15),store as location,
provider table,Referral,Discharge_HCP_Professional_Group_Description,Nursing (in-patient),Nurse,32581
provider table,Referral,Discharge_HCP_Professional_Group_Description,Psychological Therapies,Psychology,38004488
provider table,Referral,Discharge_HCP_Professional_Group_Description,Social Worker,Social Worker,38004499
provider table,Referral,Discharge_HCP_Resp_Clinician_Profession_Description,Mental Health Nurse,Child & Adolescent Psychiatric/Mental Health Registered Nurse,38003751
provider table,Referral,Discharge_HCP_Resp_Clinician_Profession_Description,Occupation Therapist,Occupational therapy,38004492
provider table,Referral,Discharge_HCP_Resp_Clinician_Profession_Description,Registered Medical Practitioner including consultant or GP,Physician,32577
provider table,Referral,Discharge_HCP_Resp_Clinician_Profession_Description,Social Worker,Social Worker,38004499
provider table,Referral,HCP_Referred_To_Main_Specialty_Description,Psychiatry of Old Age,Geriatric Psychiatry,38004470
provider table,Referral,Removal_User_Professional_Group_Description,Medical,Physician,32577
provider table,Referral,Removal_User_Professional_Group_Description,Nursing (in-patient),Nurse,32581
provider table,Referral,Removal_User_Professional_Group_Description,Psychological Therapies,Psychology,38004488
provider table,Referral,Removal_User_Professional_Group_Description,Social Worker,Social Worker,38004499
provider table,Referral,Specialty_Referred_To_Description,Psychiatry of Old Age,Geriatric Psychiatry,38004470
